{
  "meta": {
    "M": 16384,
    "N": 16384,
    "K": 16384,
    "dtype": "bf16",
    "comm_size": [
      16384,
      16384
    ],
    "nccl_max_nchannels": 32,
    "world_size": 8,
    "steps": 50,
    "timestamp": "2026-03-24T20:36:23.195702"
  },
  "comm_alone_ms": 3.896277904510498,
  "torch": {
    "alone_ms": 13.380825996398926,
    "alone_tf": 657.365473893407,
    "overlap_gemm_ms": 15.024909019470215,
    "overlap_gemm_tf": 585.4340289721205,
    "overlap_wall_ms": 15.113852500915527,
    "penalty_pct": 12.28685750426579,
    "alone_all": [
      13.109124183654785,
      13.2613525390625,
      13.201375961303711,
      13.233489036560059,
      13.261552810668945,
      13.332114219665527,
      53.168212890625,
      14.683116912841797,
      13.379141807556152,
      13.336084365844727,
      13.192355155944824,
      13.246197700500488,
      13.262556076049805,
      13.273941993713379,
      13.261673927307129,
      13.296753883361816,
      13.404439926147461,
      13.328266143798828,
      13.293425559997559,
      13.332515716552734,
      13.326101303100586,
      13.437596321105957,
      13.31226921081543,
      13.39966869354248,
      13.336203575134277,
      13.30593490600586,
      13.427812576293945,
      13.306615829467773,
      13.371204376220703,
      13.509560585021973,
      13.450586318969727,
      13.502625465393066,
      13.422962188720703,
      13.478850364685059,
      13.470069885253906,
      13.433106422424316,
      13.43422794342041,
      13.3825101852417,
      13.52812385559082,
      38.91398239135742,
      14.169191360473633,
      13.498294830322266,
      13.487310409545898,
      13.39995002746582,
      13.44228744506836,
      13.370762825012207,
      13.375574111938477,
      13.519303321838379,
      13.47496223449707,
      13.567572593688965
    ],
    "overlap_gemm_all": [
      18.881175994873047,
      16.5631103515625,
      16.296178817749023,
      15.859901428222656,
      15.225248336791992,
      14.755492210388184,
      15.430195808410645,
      15.663371086120605,
      14.825532913208008,
      16.155616760253906,
      16.282827377319336,
      15.072938919067383,
      14.940675735473633,
      14.903430938720703,
      14.909403800964355,
      14.854999542236328,
      14.745308876037598,
      14.858968734741211,
      14.826455116271973,
      14.697799682617188,
      15.161993026733398,
      15.643214225769043,
      16.706958770751953,
      14.985177993774414,
      14.91100788116455,
      15.766647338867188,
      15.064640045166016,
      14.911970138549805,
      14.8578462600708,
      14.910807609558105,
      14.83218765258789,
      14.762548446655273,
      14.67795467376709,
      14.476252555847168,
      14.68569278717041,
      15.421256065368652,
      15.50837516784668,
      16.565044403076172,
      17.180564880371094,
      16.28142547607422,
      107.3933334350586,
      16.384180068969727,
      14.97972583770752,
      14.934983253479004,
      14.973952293395996,
      15.073260307312012,
      15.139370918273926,
      14.95971965789795,
      15.198104858398438,
      14.879857063293457
    ],
    "overlap_wall_all": [
      51.94060134887695,
      17.87262725830078,
      16.385303497314453,
      15.94124698638916,
      15.304067611694336,
      14.831868171691895,
      15.502842903137207,
      15.744195938110352,
      14.899141311645508,
      28.46348762512207,
      16.41364860534668,
      15.147429466247559,
      15.01131820678711,
      14.973793029785156,
      14.983695030212402,
      14.926804542541504,
      14.81883716583252,
      14.930413246154785,
      14.895532608032227,
      14.761747360229492,
      15.235441207885742,
      41.19371032714844,
      16.780527114868164,
      15.057103157043457,
      14.980127334594727,
      15.999780654907227,
      15.149313926696777,
      14.99323558807373,
      14.932417869567871,
      14.9915132522583,
      14.904353141784668,
      14.832549095153809,
      14.74743366241455,
      14.550623893737793,
      14.787566184997559,
      15.490654945373535,
      15.581183433532715,
      33.257118225097656,
      23.43916893005371,
      16.470016479492188,
      108.74274444580078,
      16.72620391845703,
      15.080275535583496,
      15.009513854980469,
      15.077348709106445,
      15.150154113769531,
      15.211735725402832,
      15.037177085876465,
      15.275161743164062,
      14.953866958618164
    ]
  },
  "ws_hierarchical": {
    "304": {
      "alone_ms": 14.576562881469727,
      "alone_tf": 603.4408175462216,
      "overlap_gemm_ms": 16.2752103805542,
      "overlap_gemm_tf": 540.4595588341929,
      "overlap_wall_ms": 16.3643741607666,
      "penalty_pct": 11.653278711155268,
      "vs_torch_wall_ms": 1.2505216598510742,
      "alone_all": [
        14.636420249938965,
        14.51842975616455,
        14.537073135375977,
        14.480663299560547,
        14.536551475524902,
        14.467392921447754,
        14.530577659606934,
        14.55298900604248,
        14.560005187988281,
        14.534146308898926,
        14.52480411529541,
        14.482267379760742,
        15.61470890045166,
        15.51203441619873,
        14.542244911193848,
        14.682044982910156,
        14.530939102172852,
        14.550904273986816,
        14.601981163024902,
        14.511935234069824,
        14.43327522277832,
        40.289642333984375,
        14.815309524536133,
        14.594683647155762,
        14.598652839660645,
        14.440893173217773,
        14.479862213134766,
        14.549461364746094,
        14.580572128295898,
        14.60049819946289,
        14.526287078857422,
        14.607473373413086,
        14.60378646850586,
        14.549861907958984,
        14.497180938720703,
        14.675589561462402,
        14.612444877624512,
        15.57180118560791,
        15.34476089477539,
        14.613848686218262,
        14.549019813537598,
        14.613767623901367,
        14.621185302734375,
        14.572553634643555,
        14.699124336242676,
        14.566340446472168,
        14.643836975097656,
        14.604787826538086,
        14.592479705810547,
        14.657949447631836
      ],
      "overlap_gemm_all": [
        17.309175491333008,
        16.331459045410156,
        16.246225357055664,
        16.222009658813477,
        16.174821853637695,
        16.289804458618164,
        16.278297424316406,
        16.343446731567383,
        16.22417449951172,
        16.32632827758789,
        16.36854362487793,
        16.32724952697754,
        16.272123336791992,
        16.410802841186523,
        16.533241271972656,
        16.482925415039062,
        16.455623626708984,
        16.539215087890625,
        16.75579071044922,
        15.801125526428223,
        16.442272186279297,
        15.846989631652832,
        15.72130298614502,
        16.55817985534668,
        15.852965354919434,
        15.735416412353516,
        15.737339973449707,
        16.3753604888916,
        15.751973152160645,
        15.816922187805176,
        15.644807815551758,
        16.38041114807129,
        16.426076889038086,
        16.410480499267578,
        16.167804718017578,
        16.65247344970703,
        17.314790725708008,
        16.1650390625,
        16.175662994384766,
        15.813955307006836,
        15.904683113098145,
        15.692597389221191,
        15.82081127166748,
        15.794230461120605,
        15.740185737609863,
        15.748446464538574,
        16.388671875,
        16.52674674987793,
        16.0800838470459,
        16.327369689941406
      ],