{
  "meta": {
    "M": 16384,
    "N": 16384,
    "K": 16384,
    "dtype": "bf16",
    "comm_size": [
      16384,
      16384
    ],
    "nccl_max_nchannels": 32,
    "world_size": 8,
    "steps": 50,
    "timestamp": "2026-03-24T20:28:37.016840"
  },
  "comm_alone_ms": 3.8885605335235596,
  "torch": {
    "alone_ms": 13.318402767181396,
    "alone_tf": 660.4465397219352,
    "overlap_gemm_ms": 15.01530647277832,
    "overlap_gemm_tf": 585.808424100746,
    "overlap_wall_ms": 15.090399265289307,
    "penalty_pct": 12.741045118250643,
    "alone_all": [
      13.21047592163086,
      13.210395812988281,
      13.201254844665527,
      13.225790977478027,
      13.205744743347168,
      13.171346664428711,
      13.225630760192871,
      13.27133560180664,
      13.147372245788574,
      13.280997276306152,
      13.192835807800293,
      13.140996932983398,
      14.197815895080566,
      13.690896034240723,
      14.745329856872559,
      13.30248737335205,
      13.276867866516113,
      13.361863136291504,
      13.238419532775879,
      13.296192169189453,
      13.336404800415039,
      13.25842571258545,
      13.28500747680664,
      13.338890075683594,
      13.33467960357666,
      13.34538459777832,
      13.287371635437012,
      13.29719352722168,
      13.271334648132324,
      13.308941841125488,
      13.282039642333984,
      13.394296646118164,
      13.326461791992188,
      13.318803787231445,
      14.257072448730469,
      14.324827194213867,
      13.354565620422363,
      13.285046577453613,
      13.370722770690918,
      13.47199535369873,
      13.39702320098877,
      13.318001747131348,
      13.388242721557617,
      13.474320411682129,
      13.361381530761719,
      13.355809211730957,
      13.407245635986328,
      13.389446258544922,
      13.414342880249023,
      13.397063255310059
    ],
    "overlap_gemm_all": [
      18.832584381103516,
      16.103618621826172,
      16.502851486206055,
      15.609566688537598,
      15.81010627746582,
      15.659722328186035,
      14.860974311828613,
      29.1944522857666,
      14.959077835083008,
      14.98493766784668,
      14.971185684204102,
      14.987704277038574,
      14.962645530700684,
      16.01593780517578,
      15.044875144958496,
      14.823166847229004,
      14.921272277832031,
      14.820119857788086,
      15.08123779296875,
      14.947651863098145,
      15.001895904541016,
      15.650341033935547,
      33.67405319213867,
      16.202444076538086,
      15.073942184448242,
      14.93329906463623,
      14.999130249023438,
      15.699091911315918,
      14.996323585510254,
      15.983302116394043,
      16.001224517822266,
      15.9262113571167,
      14.725865364074707,
      14.625715255737305,
      14.534385681152344,
      14.47320556640625,
      14.42353343963623,
      15.129948616027832,
      15.021540641784668,
      15.13620376586914,
      14.86971378326416,
      15.022022247314453,
      14.951581001281738,
      15.009072303771973,
      14.960362434387207,
      15.0455961227417,
      34.12480545043945,
      15.239601135253906,
      14.866706848144531,
      14.927486419677734
    ],
    "overlap_wall_all": [
      51.155242919921875,
      17.895599365234375,
      16.59526252746582,
      15.688105583190918,
      15.88780403137207,
      15.735977172851562,
      14.931694984436035,
      29.43331527709961,
      15.121810913085938,
      15.08240032196045,
      15.086690902709961,
      15.0733003616333,
      15.044153213500977,
      16.14419174194336,
      15.133156776428223,
      14.90583610534668,
      15.020137786865234,
      14.894128799438477,
      15.156048774719238,
      15.021781921386719,
      15.074663162231445,
      15.729161262512207,
      33.746578216552734,
      20.296615600585938,
      15.168437004089355,
      15.004822731018066,
      15.072176933288574,
      15.775185585021973,
      15.068207740783691,
      16.052661895751953,
      20.787580490112305,
      15.995169639587402,
      14.799192428588867,
      14.694433212280273,
      14.608195304870605,
      14.536590576171875,
      14.49024486541748,
      15.193975448608398,
      15.087492942810059,
      15.215625762939453,
      14.938632011413574,
      15.093305587768555,
      15.017572402954102,
      15.072578430175781,
      15.051730155944824,
      15.123213768005371,
      34.19192123413086,
      15.454570770263672,
      14.964249610900879,
      15.010034561157227
    ]
  },
  "ws_hierarchical": {
    "304": {
      "alone_ms": 14.600296974182129,
      "alone_tf": 602.4598703548448,
      "overlap_gemm_ms": 16.152289390563965,
      "overlap_gemm_tf": 544.5725252636078,
      "overlap_wall_ms": 16.243037223815918,
      "penalty_pct": 10.629868824765975,
      "vs_torch_wall_ms": 1.1526379585266113,
      "alone_all": [
        14.568344116210938,
        14.539397239685059,
        14.506001472473145,
        39.220760345458984,
        14.83431339263916,
        14.52324104309082,
        14.721694946289062,
        14.647926330566406,
        14.626236915588379,
        14.559523582458496,
        14.53482723236084,
        14.608075141906738,
        14.516465187072754,
        14.591998100280762,
        14.45348072052002,
        14.554633140563965,
        14.56229019165039,
        14.684810638427734,
        14.546173095703125,
        14.602581977844238,
        14.58798885345459,
        14.542445182800293,
        14.586385726928711,
        14.591035842895508,
        14.473688125610352,
        14.546213150024414,
        14.628843307495117,
        14.652337074279785,
        14.557680130004883,
        14.696477890014648,
        14.91650104522705,
        14.565337181091309,
        14.652416229248047,
        14.636580467224121,
        14.548538208007812,
        14.690061569213867,
        14.631368637084961,
        14.658510208129883,
        14.654420852661133,
        14.636699676513672,
        14.6693754196167,
        14.72702693939209,
        14.592679977416992,
        14.744627952575684,
        14.703092575073242,
        14.588349342346191,
        14.59801197052002,
        14.644357681274414,
        14.62503433227539,
        14.591636657714844
      ],
      "overlap_gemm_all": [
        17.226587295532227,
        16.16644287109375,
        16.444398880004883,
        15.967826843261719,
        15.8639497756958,
        16.31947135925293,
        15.986749649047852,
        15.925971031188965,
        15.839292526245117,
        15.671628952026367,
        15.834602355957031,
        15.848273277282715,
        15.97440242767334,
        15.708914756774902,
        16.52586555480957,
        17.194595336914062,
        17.411571502685547,
        16.161510467529297,
        16.143068313598633,
        15.992923736572266,
        15.956762313842773,
        35.00335693359375,
        17.113849639892578,
        16.08457374572754,
        16.0396728515625,
        15.959527969360352,
        15.886720657348633,
        15.784326553344727,
        15.874213218688965,
        15.642082214355469,
        15.65471076965332,
        15.713886260986328,
        15.60086727142334,
        16.44411849975586,
        16.482004165649414,
        16.300067901611328,
        15.6905517578125,
        16.60260009765625,
        16.721832275390625,
        16.222049713134766,
        16.514678955078125,
        16.30179214477539,
        16.451936721801758,
        16.448165893554688,
        15.714366912841797,
        16.51900863647461,
        16.49447250366211,
        16.44727325439453,
        16.97477149963379,
        16.629501342773438
      ],