{
  "split_12288": {
    "torch_ms": 5.510692358016968,
    "split=100/0": {
      "ms": 6.111025810241699,
      "tflops": 607.2387613753559,
      "vs_pct": 10.893975080125186
    },
    "split=95/5": {
      "ms": 6.139492034912109,
      "tflops": 604.4232523867299,
      "vs_pct": 11.410538568359064
    },
    "split=90/9": {
      "ms": 5.9957029819488525,
      "tflops": 618.9185413147032,
      "vs_pct": 8.801264748998195
    },
    "split=85/15": {
      "ms": 6.027255058288574,
      "tflops": 615.6785647623959,
      "vs_pct": 9.373825768373912
    },
    "split=80/19": {
      "ms": 6.000473499298096,
      "tflops": 618.4264865394499,
      "vs_pct": 8.887833133500788
    },
    "split=75/25": {
      "ms": 6.024207353591919,
      "tflops": 615.9900424960329,
      "vs_pct": 9.318520472802087
    },
    "split=70/30": {
      "ms": 6.013844013214111,
      "tflops": 617.0515456653369,
      "vs_pct": 9.130461700790779
    },
    "split=60/40": {
      "ms": 6.026193141937256,
      "tflops": 615.7870576566125,
      "vs_pct": 9.35455566069364
    },
    "split=50/50": {
      "ms": 6.0007545948028564,
      "tflops": 618.3975173652161,
      "vs_pct": 8.89293404435733
    },
    "split=0/100": {
      "ms": 6.140734910964966,
      "tflops": 604.3009179760977,
      "vs_pct": 11.433092468524588
    }
  },
  "split_16384": {
    "torch_ms": 13.247921466827393,
    "split=100/0": {
      "ms": 14.31247854232788,
      "tflops": 614.5751063447424,
      "vs_pct": 8.035653579062377
    },
    "split=95/5": {
      "ms": 14.214914798736572,
      "tflops": 618.7932285735402,
      "vs_pct": 7.299207912203566
    },
    "split=90/9": {
      "ms": 14.240473747253418,
      "tflops": 617.6826121325153,
      "vs_pct": 7.492135901555291
    },
    "split=85/15": {
      "ms": 14.26150131225586,
      "tflops": 616.7718832412778,
      "vs_pct": 7.650859404371141
    },
    "split=80/19": {
      "ms": 14.142148494720459,
      "tflops": 621.9771363235051,
      "vs_pct": 6.749942095687977
    },
    "split=75/25": {
      "ms": 14.039653778076172,
      "tflops": 626.517801738364,
      "vs_pct": 5.976275699031473
    },
    "split=70/30": {
      "ms": 14.171877384185791,
      "tflops": 620.672391085139,
      "vs_pct": 6.974346275164531
    },
    "split=60/40": {
      "ms": 14.047271251678467,
      "tflops": 626.178057261974,
      "vs_pct": 6.033775085794664
    },
    "split=50/50": {
      "ms": 13.805397987365723,
      "tflops": 637.1488189082208,
      "vs_pct": 4.208030081807499
    },
    "split=0/100": {
      "ms": 14.140504837036133,
      "tflops": 622.0494334240241,
      "vs_pct": 6.737535185755414
    }
  },
  "combo_12288": {
    "wpe=1, split=80/20": {
      "ms": 6.0225443840026855,
      "tflops": 616.1601321861416,
      "vs_pct": 9.288343328421778
    },
    "wpe=1, split=100/0": {
      "ms": 6.213080406188965,
      "tflops": 597.2644004490191,
      "vs_pct": 12.745912900584285
    },
    "wpe=1, split=75/25": {
      "ms": 6.048523664474487,
      "tflops": 613.5136356561496,
      "vs_pct": 9.759777383963039
    },
    "wpe=2, split=80/20": {
      "ms": 6.017733573913574,
      "tflops": 616.652714541944,
      "vs_pct": 9.201043770098357
    },
    "wpe=2, split=75/25": {
      "ms": 6.053034543991089,
      "tflops": 613.056429262873,
      "vs_pct": 9.841634240117223
    }
  },
  "combo_16384": {
    "wpe=1, split=80/20": {
      "ms": 14.122883796691895,
      "tflops": 622.8255609005557,
      "vs_pct": 6.6045253367133485
    },
    "wpe=1, split=100/0": {
      "ms": 14.324626445770264,
      "tflops": 614.0539200451741,
      "vs_pct": 8.127350253690174
    },
    "wpe=1, split=75/25": {
      "ms": 14.059579372406006,
      "tflops": 625.6298847369237,
      "vs_pct": 6.126681137195696
    },
    "wpe=2, split=80/20": {
      "ms": 14.130401134490967,
      "tflops": 622.4942192714949,
      "vs_pct": 6.6612688629932695
    },
    "wpe=2, split=75/25": {
      "ms": 14.109975337982178,
      "tflops": 623.3953505595498,
      "vs_pct": 6.50708772174832
    }
  },
  "bk_12288": {
    "BK=32, split=80/20": {
      "ms": 6.816982984542847,
      "tflops": 544.3539689270405,
      "vs_pct": 23.704655271228926
    },
    "BK=64 (baseline), split=80/20": {
      "ms": 6.070033550262451,
      "tflops": 611.3395771236806,
      "vs_pct": 10.150107389532508
    }
  },
  "bk_16384": {
    "BK=32, split=80/20": {
      "ms": 14.959479331970215,
      "tflops": 587.9945970719506,
      "vs_pct": 12.91944452892885
    },
    "BK=64 (baseline), split=80/20": {
      "ms": 14.232555389404297,
      "tflops": 618.0262631372875,
      "vs_pct": 7.432365334006649
    }
  }
}