{
  "8192": {
    "torch_ms": 1.6461679935455322,
    "Baseline (90/10, no cache mod)": {
      "ms": 1.8499940037727356,
      "tflops": 594.332535961598,
      "vs_pct": 12.381847480110519
    },
    "85/15 split": {
      "ms": 1.8035879731178284,
      "tflops": 609.624617242981,
      "vs_pct": 9.562813770497597
    },
    "95/5 split": {
      "ms": 1.811666488647461,
      "tflops": 606.906201922885,
      "vs_pct": 10.05356049630612
    },
    "80/20 split": {
      "ms": 1.7979145050048828,
      "tflops": 611.548338208114,
      "vs_pct": 9.218166800371176
    },
    "100/0 (all local)": {
      "ms": 1.7636765241622925,
      "tflops": 623.4202319488511,
      "vs_pct": 7.138307334214977
    },
    "0/100 (all global)": {
      "ms": 1.8245959877967834,
      "tflops": 602.605527541289,
      "vs_pct": 10.838990610366036
    },
    "Cache .cg / .cg": {
      "ms": 2.3062180280685425,
      "tflops": 476.7596187325103,
      "vs_pct": 40.0961528295413
    },
    "wpe=1": {
      "ms": 1.8326950073242188,
      "tflops": 599.942501824848,
      "vs_pct": 11.330982895429942
    },
    "wpe=2": {
      "ms": 1.8289464712142944,
      "tflops": 601.1721201692689,
      "vs_pct": 11.103270042026038
    },
    "wpe=1 + 85/15": {
      "ms": 1.807778000831604,
      "tflops": 608.2116428401102,
      "vs_pct": 9.81734597682188
    }
  },
  "12288": {
    "torch_ms": 5.542445659637451,
    "Baseline (90/10, no cache mod)": {
      "ms": 6.0138044357299805,
      "tflops": 617.0556065469332,
      "vs_pct": 8.504526792660739
    },
    "85/15 split": {
      "ms": 6.0375189781188965,
      "tflops": 614.6318971737934,
      "vs_pct": 8.932398238683492
    },
    "95/5 split": {
      "ms": 6.149835586547852,
      "tflops": 603.4066588481026,
      "vs_pct": 10.958879242311447
    },
    "80/20 split": {
      "ms": 5.968921661376953,
      "tflops": 621.6955011749901,
      "vs_pct": 7.694725901334305
    },
    "100/0 (all local)": {
      "ms": 6.055419921875,
      "tflops": 612.8149313540871,
      "vs_pct": 9.255377386435288
    },
    "0/100 (all global)": {
      "ms": 6.14839243888855,
      "tflops": 603.5482901632763,
      "vs_pct": 10.932841140218514
    },
    "Cache .cg / .cg": {
      "ms": 8.061150074005127,
      "tflops": 460.3377569796673,
      "vs_pct": 45.44391716295929
    },
    "wpe=1": {
      "ms": 6.006307601928711,
      "tflops": 617.8257907657597,
      "vs_pct": 8.36926459503804
    },
    "wpe=2": {
      "ms": 6.029780864715576,
      "tflops": 615.4206640342045,
      "vs_pct": 8.792782735374677
    },
    "wpe=1 + 85/15": {
      "ms": 6.046860456466675,
      "tflops": 613.6823845133578,
      "vs_pct": 9.100942576714752
    }
  },
  "16384": {
    "torch_ms": 13.266003131866455,
    "Baseline (90/10, no cache mod)": {
      "ms": 14.356018543243408,
      "tflops": 612.7111772468306,
      "vs_pct": 8.216607523321109
    },
    "85/15 split": {
      "ms": 14.222192287445068,
      "tflops": 618.4765923867399,
      "vs_pct": 7.207816446852313
    },
    "95/5 split": {
      "ms": 14.2340989112854,
      "tflops": 617.9592454028884,
      "vs_pct": 7.297569356767816
    },
    "80/20 split": {
      "ms": 14.117091178894043,
      "tflops": 623.0811227853173,
      "vs_pct": 6.415557410680668
    },
    "100/0 (all local)": {
      "ms": 14.346115112304688,
      "tflops": 613.1341449131114,
      "vs_pct": 8.141954812626873
    },
    "0/100 (all global)": {
      "ms": 14.214513778686523,
      "tflops": 618.8106859762595,
      "vs_pct": 7.1499353451955505
    },
    "Cache .cg / .cg": {
      "ms": 19.19132423400879,
      "tflops": 458.33695032990556,
      "vs_pct": 44.665458339211725
    },
    "wpe=1": {
      "ms": 14.250015258789062,
      "tflops": 617.2690248021162,
      "vs_pct": 7.4175478261338395
    },
    "wpe=2": {
      "ms": 14.28357219696045,
      "tflops": 615.8188512590577,
      "vs_pct": 7.6705022227054735
    },
    "wpe=1 + 85/15": {
      "ms": 14.289766311645508,
      "tflops": 615.5519152919657,
      "vs_pct": 7.717193864667925
    }
  }
}