{
  "4096": {
    "torch_ms": 0.23189100623130798,
    "Default (mfma16, kp1, w8)": {
      "ms": 0.2802010029554367,
      "tflops": 490.5012902250687,
      "vs_pct": 20.833061837654967
    },
    "mfma32, kp1, w8": {
      "ms": 0.30225200951099396,
      "tflops": 454.71642585390606,
      "vs_pct": 30.342273477179134
    },
    "mfma16, kp2, w8": {
      "ms": 0.28018100559711456,
      "tflops": 490.53629877262244,
      "vs_pct": 20.824438235279374
    },
    "mfma32, kp2, w8": {
      "ms": 0.2962779998779297,
      "tflops": 463.8851130648465,
      "vs_pct": 27.766059017569916
    },
    "mfma32, kp1, w4": {
      "ms": 0.3541505038738251,
      "tflops": 388.08063794529016,
      "vs_pct": 52.72282855186069
    },
    "mfma16, kp1, w8, wpe2": {
      "ms": 0.2724040001630783,
      "tflops": 504.54087821662057,
      "vs_pct": 17.470705134359196
    },
    "mfma32, kp1, w8, wpe2": {
      "ms": 0.3037955015897751,
      "tflops": 452.40615069273895,
      "vs_pct": 31.00788449153711
    },
    "mfma16, kp2, w8, wpe2": {
      "ms": 0.28477099537849426,
      "tflops": 482.62974706861354,
      "vs_pct": 22.803812017806006
    },
    "mfma32, kp2, w8, wpe1": {
      "ms": 0.29459449648857117,
      "tflops": 466.53605247283343,
      "vs_pct": 27.040069934716378
    },
    "mfma16, kp1, w8, gm8": {
      "ms": 0.26486650109291077,
      "tflops": 518.8989657238259,
      "vs_pct": 14.220256058016409
    },
    "mfma32, kp1, w8, gm8": {
      "ms": 0.2989640086889267,
      "tflops": 459.71738897509164,
      "vs_pct": 28.924365609382168
    }
  },
  "8192": {
    "torch_ms": 1.6523619890213013,
    "Default (mfma16, kp1, w8)": {
      "ms": 1.8535020351409912,
      "tflops": 593.2076722496628,
      "vs_pct": 12.172880243924382
    },
    "mfma32, kp1, w8": {
      "ms": 1.9930214881896973,
      "tflops": 551.6807692699335,
      "vs_pct": 20.616517532587977
    },
    "mfma16, kp2, w8": {
      "ms": 1.9511255025863647,
      "tflops": 563.5268599167578,
      "vs_pct": 18.080996509852053
    },
    "mfma32, kp2, w8": {
      "ms": 1.9880504608154297,
      "tflops": 553.0602212808111,
      "vs_pct": 20.31567380661895
    },
    "mfma32, kp1, w4": {
      "ms": 2.4573845863342285,
      "tflops": 447.4316449653419,
      "vs_pct": 48.7195059352427
    },
    "mfma16, kp1, w8, wpe2": {
      "ms": 1.8453634977340698,
      "tflops": 595.8238737929385,
      "vs_pct": 11.680340627242575
    },
    "mfma32, kp1, w8, wpe2": {
      "ms": 1.995126485824585,
      "tflops": 551.0987075696969,
      "vs_pct": 20.74391078230407
    },
    "mfma16, kp2, w8, wpe2": {
      "ms": 1.9523289799690247,
      "tflops": 563.1794841223146,
      "vs_pct": 18.153830270895707
    },
    "mfma32, kp2, w8, wpe1": {
      "ms": 1.9982540011405945,
      "tflops": 550.2361697503939,
      "vs_pct": 20.9331862157012
    },
    "mfma16, kp1, w8, gm8": {
      "ms": 1.838247537612915,
      "tflops": 598.1303416860757,
      "vs_pct": 11.249686801480728
    },
    "mfma32, kp1, w8, gm8": {
      "ms": 1.9886914491653442,
      "tflops": 552.8819607674515,
      "vs_pct": 20.354466053969922
    }
  },
  "12288": {
    "torch_ms": 5.516606569290161,
    "Default (mfma16, kp1, w8)": {
      "ms": 6.09577202796936,
      "tflops": 608.7582879932877,
      "vs_pct": 10.498581898214326
    },
    "mfma32, kp1, w8": {
      "ms": 6.6004273891448975,
      "tflops": 562.2138575218461,
      "vs_pct": 19.6465128742033
    },
    "mfma16, kp2, w8": {
      "ms": 6.383470058441162,
      "tflops": 581.3220254455438,
      "vs_pct": 15.713708749444915
    },
    "mfma32, kp2, w8": {
      "ms": 6.584891319274902,
      "tflops": 563.5403173446183,
      "vs_pct": 19.36488920438277
    },
    "mfma32, kp1, w4": {
      "ms": 7.7683000564575195,
      "tflops": 477.6916077873816,
      "vs_pct": 40.81664078968551
    },
    "mfma16, kp1, w8, wpe2": {
      "ms": 6.097756624221802,
      "tflops": 608.5601594861258,
      "vs_pct": 10.53455684454255
    },
    "mfma32, kp1, w8, wpe2": {
      "ms": 6.589963674545288,
      "tflops": 563.1065552117859,
      "vs_pct": 19.4568362230196
    },
    "mfma16, kp2, w8, wpe2": {
      "ms": 6.372565507888794,
      "tflops": 582.3167669520577,
      "vs_pct": 15.51604102717029
    },
    "mfma32, kp2, w8, wpe1": {
      "ms": 6.60132908821106,
      "tflops": 562.1370627274135,
      "vs_pct": 19.662858050442285
    },
    "mfma16, kp1, w8, gm8": {
      "ms": 6.006728172302246,
      "tflops": 617.7825327364053,
      "vs_pct": 8.884476296361123
    },
    "mfma32, kp1, w8, gm8": {
      "ms": 6.524954319000244,
      "tflops": 568.7168924598047,
      "vs_pct": 18.278406064397487
    }
  },
  "16384": {
    "torch_ms": 13.207108497619629,
    "Default (mfma16, kp1, w8)": {
      "ms": 14.376846313476562,
      "tflops": 611.8235411588647,
      "vs_pct": 8.856880490288697
    },
    "mfma32, kp1, w8": {
      "ms": 15.908831596374512,
      "tflops": 552.9062878641921,
      "vs_pct": 20.456582901865502
    },
    "mfma16, kp2, w8": {
      "ms": 15.152020454406738,
      "tflops": 580.522779036362,
      "vs_pct": 14.726251072576929
    },
    "mfma32, kp2, w8": {
      "ms": 15.742992877960205,
      "tflops": 558.7306740462489,
      "vs_pct": 19.200905185246484
    },
    "mfma32, kp1, w4": {
      "ms": 18.174558639526367,
      "tflops": 483.9783565955816,
      "vs_pct": 37.611943165319204
    },
    "mfma16, kp1, w8, wpe2": {
      "ms": 14.36064863204956,
      "tflops": 612.513629960781,
      "vs_pct": 8.734236828885285
    },
    "mfma32, kp1, w8, wpe2": {
      "ms": 15.817864418029785,
      "tflops": 556.0860043901937,
      "vs_pct": 19.767808531903132
    },
    "mfma16, kp2, w8, wpe2": {
      "ms": 15.178300857543945,
      "tflops": 579.5176353904034,
      "vs_pct": 14.92523787685694
    },
    "mfma32, kp2, w8, wpe1": {
      "ms": 15.759009838104248,
      "tflops": 558.1627978262711,
      "vs_pct": 19.32218048291614
    },
    "mfma16, kp1, w8, gm8": {
      "ms": 14.216719150543213,
      "tflops": 618.7146928250254,
      "vs_pct": 7.644448844389748
    },
    "mfma32, kp1, w8, gm8": {
      "ms": 15.721383094787598,
      "tflops": 559.4986757319292,
      "vs_pct": 19.037282820998456
    }
  }
}